--
-- This SQL script builds a monopoly database, deleting any pre-existing version.
--
-- @author kvlinden
-- @version Summer, 2015
-- Edited by Bryan Fowler (bcf3)
-- October 18, 2019

DROP TABLE IF EXISTS PlayerProperty;
DROP TABLE IF EXISTS PlayerGame;
DROP TABLE IF EXISTS Property;
DROP TABLE IF EXISTS Game;
DROP TABLE IF EXISTS Player;

CREATE TABLE Game (
	ID integer PRIMARY KEY,
	time timestamp
	);

CREATE TABLE Player (
	ID integer PRIMARY KEY,
	emailAddress varchar(50) NOT NULL,
	name varchar(50)
	);

CREATE TABLE Property (
	ID integer PRIMARY KEY,
	name varchar(50) NOT NULL,
	category varchar(50) NOT NULL
);

CREATE TABLE PlayerGame (
	PRIMARY KEY (gameID, playerID),
	gameID integer REFERENCES Game(ID) NOT NULL,
	playerID integer REFERENCES Player(ID) NOT NULL,
    board_location integer NOT NULL,
	cash money,
	score integer
	);

CREATE TABLE PlayerProperty(
	PRIMARY KEY (gameID, playerID, propertyID),
	gameID integer REFERENCES Game(ID) NOT NULL,
	playerID integer REFERENCES Player(ID) NOT NULL,
	propertyID integer REFERENCES Property(ID) NOT NULL,
	houses integer,
	hotels integer
);

GRANT SELECT ON Game TO PUBLIC;
GRANT SELECT ON Player TO PUBLIC;
GRANT SELECT ON Property TO PUBLIC;
GRANT SELECT ON PlayerGame TO PUBLIC;

-- records
INSERT INTO Game VALUES (1, '2006-06-27 08:00:00');
INSERT INTO Game VALUES (2, '2006-06-28 13:20:00');
INSERT INTO Game VALUES (3, '2006-06-29 18:41:00');

INSERT INTO Player(ID, emailAddress) VALUES (1, 'me@calvin.edu');
INSERT INTO Player VALUES (2, 'king@gmail.edu', 'The King');
INSERT INTO Player VALUES (3, 'dog@gmail.edu', 'Dogbreath');

-- Build all the properties
INSERT INTO Property VALUES (01 , 'Mediterranean Avenue', 'Dark Purple');
INSERT INTO Property VALUES (02 , 'Baltic Avenue', 'Dark Purple');
INSERT INTO Property VALUES (03 , 'Oriental Avenue', 'Light Blue');
INSERT INTO Property VALUES (04 , 'Vermont Avenue', 'Light Blue');
INSERT INTO Property VALUES (05 , 'Connecticut Avenue', 'Light Blue');
INSERT INTO Property VALUES (06 , 'St. Charles Place', 'Pink');
INSERT INTO Property VALUES (07 , 'States Avenue', 'Pink');
INSERT INTO Property VALUES (08 , 'Virginia Avenue', 'Pink');
INSERT INTO Property VALUES (09 , 'St. James Place', 'Orange');
INSERT INTO Property VALUES (10 , 'Tennessee Avenue', 'Orange');
INSERT INTO Property VALUES (11 , 'New York Avenue', 'Orange');
INSERT INTO Property VALUES (12 , 'Kentucky Avenue', 'Red');
INSERT INTO Property VALUES (13 , 'Indiana Avenue', 'Red');
INSERT INTO Property VALUES (14 , 'Illinois Avenue', 'Red');
INSERT INTO Property VALUES (15 , 'Atlantic Avenue', 'Yellow');
INSERT INTO Property VALUES (16 , 'Pacific Avenue', 'Green');
INSERT INTO Property VALUES (17 , 'North Carolina Avenue', 'Green');
INSERT INTO Property VALUES (18 , 'Pennsylvania Avenue', 'Green');
INSERT INTO Property VALUES (19 , 'Park Place', 'Dark Blue');
INSERT INTO Property VALUES (20 , 'Boardwalk', 'Dark Blue');
INSERT INTO Property VALUES (21 , 'Reading Railroad', 'Station');
INSERT INTO Property VALUES (22 , 'Pennsylvania Railroad', 'Station');
INSERT INTO Property VALUES (23 , 'B. &. O. Railroad', 'Station');
INSERT INTO Property VALUES (24 , 'Short Line', 'Station');
INSERT INTO Property VALUES (25 , 'Electric Company', 'Utility');
INSERT INTO Property VALUES (26 , 'Water Works', 'Utility');

--game1
INSERT INTO PlayerGame VALUES (1, 1, 0, 500, 750.00);
INSERT INTO PlayerGame VALUES (1, 2, 0, 500, 500.00);
INSERT INTO PlayerGame VALUES (1, 3, 0, 500, 2850.00);
--game2
INSERT INTO PlayerGame VALUES (2, 1, 0, 750, 1750.00);
INSERT INTO PlayerGame VALUES (2, 2, 0, 500, 500.00);
INSERT INTO PlayerGame VALUES (2, 3, 0, 500, 1000.00);
--game3
INSERT INTO PlayerGame VALUES (3, 2, 0, 500, 500.00);
INSERT INTO PlayerGame VALUES (3, 3, 0, 500, 6000.00);

--relationships
--game1
INSERT INTO PlayerProperty(gameID, playerID, propertyID, houses) VALUES (1, 2, 02, 3);
INSERT INTO PlayerProperty(gameID, playerID, propertyID, hotels) VALUES (1, 3, 14, 2);
INSERT INTO PlayerProperty(gameID, playerID, propertyID, houses) VALUES (1, 3, 20, 2);
INSERT INTO PlayerProperty(gameID, playerID, propertyID, hotels) VALUES (1, 1, 06, 1);
INSERT INTO PlayerProperty(gameID, playerID, propertyID, houses) VALUES (2, 1, 05, 2);
INSERT INTO PlayerProperty(gameID, playerID, propertyID, hotels) VALUES (2, 3, 11, 3);
INSERT INTO PlayerProperty(gameID, playerID, propertyID) VALUES (3, 2, 01);
INSERT INTO PlayerProperty(gameID, playerID, propertyID, houses, hotels) VALUES (3, 3, 19, 1, 1);
INSERT INTO PlayerProperty(gameID, playerID, propertyID, hotels) VALUES (3, 3, 20, 2);

SELECT COUNT(*) FROM Property; 
SELECT * FROM PlayerProperty; 